column,beta
Cement,0.10261469993441093
Blast,0.08766687970126374
Fly,0.07055676708634746
Water,-0.23763582858818236
Superplasticizer,0.17458551665138514
Coarse,0.0019491700213873763
Fine,0.0005388024047996498
Age,0.11160949332011073
intercept,31.332523536267303
